Temp [°C],	f T [MHz],	f M [MHz]
22.1,	3.735754,	9.9997585,
28.1,	3.735067,	9.9997992,
36.4,	3.734505,	9.9998471,
45.3,	3.733239,	9.9998828,
53.9,	3.732312,	9.9999061,
63.3,	3.731569,	9.9999201,
73.2,	3.730747,	9.9999258,
83.1,	3.730083,	9.9999251,
86.4,	3.729913,	9.9999243,
92.7,	3.729568,	9.999923,
106.9,	3.728296,	9.9999244,
116.6,	3.727793,	9.9999342,
