Temp,Freq_T,Freq_M
22,6569772.734375,5983275.6044921875
22.6,6569747.958984375,5983275.90234375
21.5,6569883.2685546875,5983276.5361328125
21,6569916.7431640625,5983277.2685546875
20.7,6569990.5810546875,5983276.3291015625

